client_id,date,gender,day
0,01/2023,M,1
0,08/2022,M,1
0,09/2022,M,1
0,11/2022,M,1
1,01/2024,M,3
1,02/2024,M,3
1,02/2025,M,3
1,03/2023,M,1
1,03/2024,M,3
1,03/2025,M,3
1,04/2023,M,1
1,04/2024,M,3
1,04/2025,M,3
1,05/2023,M,1
1,05/2025,M,3
1,06/2024,M,3
1,07/2023,M,1
1,07/2025,M,3
1,08/2022,M,1
1,08/2023,M,3
1,08/2024,M,3
1,08/2025,M,3
1,09/2022,M,1
1,09/2023,M,3
1,09/2025,M,3
1,10/2022,M,1
1,10/2023,M,3
1,10/2024,M,3
1,11/2022,M,1
1,11/2023,M,3
1,12/2022,M,1
1,12/2024,M,3
2,02/2023,M,4
2,03/2023,M,4
2,05/2023,M,1
2,08/2022,M,4
2,11/2022,M,4
2,12/2022,M,4
3,01/2023,F,3
3,01/2025,F,2
3,02/2023,F,3
3,02/2024,F,3
3,02/2025,F,2
3,03/2024,F,3
3,04/2023,F,3
3,04/2024,F,3
3,04/2025,F,2
3,05/2023,F,3
3,05/2025,F,2
3,06/2023,F,3
3,06/2024,F,3
3,06/2025,F,2
3,07/2023,F,3
3,07/2024,F,3
3,07/2025,F,2
3,08/2023,F,3
3,08/2024,F,3
3,08/2025,F,2
3,09/2023,F,3
3,09/2024,F,2
3,09/2025,F,2
3,10/2022,F,3
3,10/2023,F,3
3,10/2024,F,2
3,11/2022,F,3
3,11/2023,F,3
3,11/2024,F,2
3,11/2025,F,2
3,12/2022,F,3
3,12/2023,F,3
4,01/2025,M,3
4,02/2025,M,3
4,03/2023,M,1
4,03/2025,M,3
4,04/2023,M,1
4,04/2025,M,3
4,05/2025,M,3
4,06/2023,M,1
4,07/2023,M,1
4,08/2022,M,1
4,08/2025,M,3
4,09/2022,M,1
4,09/2023,M,1
4,10/2022,M,1
4,10/2023,M,1
4,11/2022,M,1
4,12/2022,M,1
4,12/2023,M,1
4,12/2024,M,3
5,03/2023,F,1
5,03/2024,F,1
5,03/2025,F,1
5,04/2023,F,1
5,04/2024,F,1
5,04/2025,F,1
5,05/2023,F,1
5,05/2024,F,1
5,06/2023,F,1
5,07/2023,F,1
5,07/2024,F,1
5,08/2022,F,3
5,08/2023,F,1
5,08/2024,F,1
5,09/2022,F,3
5,09/2023,F,1
5,09/2024,F,1
5,09/2025,F,1
5,10/2022,F,3
5,10/2024,F,1
5,10/2025,F,1
5,11/2022,F,3
5,11/2023,F,1
5,11/2025,F,1
5,12/2024,F,1
5,12/2025,F,1
6,01/2023,M,1
6,02/2024,M,3
6,03/2023,M,1
6,03/2024,M,3
6,05/2023,M,1
6,06/2023,M,1
6,08/2022,M,1
6,09/2024,M,1
6,10/2022,M,1
7,01/2023,M,1
7,09/2022,M,1
7,10/2022,M,3
7,11/2022,M,1
7,12/2022,M,1
8,01/2024,F,1
8,01/2025,F,1
8,02/2023,F,1
8,02/2024,F,1
8,02/2025,F,1
8,03/2023,F,1
8,04/2023,F,1
8,04/2024,F,1
8,04/2025,F,1
8,05/2023,F,1
8,05/2025,F,1
8,06/2023,F,1
8,06/2024,F,1
8,06/2025,F,1
8,07/2024,F,1
8,08/2022,F,1
8,08/2023,F,1
8,08/2024,F,1
8,08/2025,F,1
8,09/2023,F,1
8,09/2024,F,1
8,09/2025,F,1
8,10/2022,F,1
8,10/2023,F,1
8,10/2024,F,1
8,11/2022,F,1
8,11/2023,F,1
8,11/2025,F,1
8,12/2022,F,1
8,12/2023,F,1
8,12/2024,F,1
8,12/2025,F,1
9,02/2023,F,1
9,03/2024,F,1
9,04/2024,F,1
9,05/2023,F,1
9,06/2023,F,1
9,07/2023,F,1
9,08/2024,F,1
9,09/2023,F,1
9,10/2022,F,1
9,10/2023,F,1
9,11/2023,F,1
9,12/2022,F,1
9,12/2023,F,1
10,02/2023,M,1
10,03/2023,M,1
10,03/2024,M,1
10,03/2025,M,1
10,04/2023,M,1
10,04/2024,M,1
10,04/2025,M,1
10,05/2023,M,1
10,06/2023,M,1
10,07/2023,M,1
10,07/2024,M,1
10,08/2022,M,3
10,08/2023,M,1
10,08/2024,M,1
10,08/2025,M,1
10,09/2022,M,3
10,09/2023,M,1
10,09/2024,M,1
10,09/2025,M,1
10,10/2022,M,3
10,10/2024,M,1
10,10/2025,M,1
10,11/2022,M,3
10,11/2023,M,1
10,11/2025,M,1
10,12/2024,M,1
11,01/2023,F,1
11,12/2022,F,1
12,01/2024,M,1
12,02/2023,M,1
12,06/2023,M,1
12,07/2023,M,3
12,07/2024,M,1
12,08/2022,M,1
12,09/2023,M,3
12,10/2022,M,1
12,10/2023,M,1
12,10/2024,M,1
12,12/2022,M,1
12,12/2023,M,1
13,01/2024,F,2
13,03/2023,F,1
13,04/2024,F,2
13,05/2023,F,1
13,06/2023,F,1
13,07/2023,F,1
13,07/2024,F,2
13,08/2022,F,1
13,09/2022,F,1
13,09/2023,F,1
13,10/2023,F,2
13,10/2024,F,2
13,12/2022,F,1
13,12/2023,F,2
14,01/2023,M,3
14,02/2023,M,3
14,03/2023,M,3
14,04/2024,M,3
14,06/2024,M,3
14,07/2023,M,3
14,07/2024,M,3
14,09/2022,M,1
14,10/2022,M,1
14,10/2023,M,3
14,11/2022,M,3
14,11/2023,M,3
15,02/2002,M,1
15,04/2022,M,1
15,07/2024,M,1
15,08/2022,M,1
15,08/2023,M,1
15,09/2023,M,1
15,10/2022,M,1
15,11/2022,M,1
15,12/2023,M,1
16,11/2022,M,1
16,12/2022,M,1
17,01/2023,F,1
17,02/2025,F,1
17,03/2023,F,1
17,04/2023,F,1
17,05/2023,F,1
17,06/2023,F,1
17,07/2023,F,1
17,08/2022,F,1
17,08/2023,F,1
17,10/2022,F,1
17,10/2023,F,1
17,11/2023,F,1
18,03/2022,M,3
18,05/2023,M,3
18,08/2022,M,3
18,09/2022,M,3
18,09/2023,M,3
18,10/2022,M,3
18,11/2022,M,4
18,11/2023,M,3
18,12/2022,M,4
19,01/2023,M,4
19,01/2024,M,1
19,01/2025,M,3
19,02/2023,M,4
19,02/2025,M,3
19,03/2023,M,4
19,04/2023,M,4
19,04/2024,M,1
19,05/2023,M,4
19,06/2023,M,4
19,07/2023,M,4
19,09/2022,M,1
19,09/2023,M,1
19,10/2022,M,4
19,10/2023,M,4
19,11/2022,M,4
19,11/2023,M,4
19,12/2022,M,1
19,12/2023,M,4
20,01/2023,M,1
20,01/2025,M,1
20,02/2023,M,1
20,02/2024,M,3
20,02/2025,M,1
20,03/2023,M,1
20,03/2024,M,3
20,04/2023,M,1
20,04/2024,M,3
20,04/2025,M,1
20,05/2023,M,3
20,05/2025,M,1
20,06/2025,M,1
20,07/2023,M,3
20,07/2024,M,3
20,08/2023,M,3
20,08/2024,M,3
20,08/2025,M,3
20,09/2023,M,3
20,10/2025,M,3
20,11/2022,M,1
20,11/2023,M,3
20,12/2022,M,1
20,12/2023,M,3
20,12/2024,M,1
20,12/2025,M,3
21,01/2023,M,3
21,02/2024,M,3
21,03/2023,M,1
21,03/2024,M,3
21,04/2023,M,1
21,05/2023,M,1
21,06/2023,M,1
21,08/2022,M,1
21,08/2023,M,3
21,09/2022,M,1
21,09/2023,M,3
21,10/2022,M,1
21,10/2023,M,3
21,11/2022,M,1
21,11/2023,M,3
22,01/2023,M,1
22,03/2023,M,1
22,04/2023,M,1
22,05/2024,M,1
22,09/2022,M,1
22,10/2022,M,1
23,01/2023,M,1
23,03/2023,M,1
23,04/2023,M,1
23,05/2023,M,1
23,08/2022,M,1
23,09/2022,M,1
23,10/2022,M,1
23,11/2022,M,1
23,12/2022,M,1
24,10/2022,F,1
24,12/2022,F,1
25,02/2024,F,3
25,03/2023,F,3
25,05/2023,F,3
25,06/2023,F,3
25,08/2022,F,1
25,08/2023,F,3
25,08/2024,F,3
25,08/2025,F,1
25,09/2022,F,1
25,09/2023,F,4
25,10/2024,F,3
25,11/2023,F,4
25,12/2023,F,4
26,10/2022,F,3
26,11/2022,F,3
26,12/2022,F,3
27,02/2023,M,1
27,02/2024,M,4
27,03/2024,M,4
27,04/2023,M,1
27,04/2024,M,4
27,05/2023,M,4
27,07/2023,M,4
27,07/2024,M,3
27,08/2022,M,1
27,08/2023,M,4
27,08/2025,M,1
27,09/2022,M,1
27,09/2024,M,3
27,10/2022,M,1
27,10/2023,M,4
27,10/2025,M,1
27,11/2022,M,1
27,11/2023,M,4
27,11/2025,M,1
27,12/2022,M,1
27,12/2023,M,4
27,12/2024,M,3
28,01/2023,F,3
28,09/2022,F,3
28,10/2022,F,3
28,11/2022,F,3
29,01/2024,M,1
29,02/2023,M,1
29,03/2024,M,1
29,04/2024,M,1
29,06/2023,M,1
29,07/2023,M,1
29,10/2022,M,1
29,11/2022,M,1
29,12/2022,M,1
29,12/2023,M,1
30,02/2023,M,4
30,04/2023,M,4
31,01/2025,M,3
31,02/2023,M,1
31,02/2025,M,3
31,03/2023,M,1
31,05/2023,M,4
31,06/2023,M,4
31,06/2025,M,1
31,08/2023,M,4
31,10/2023,M,1
31,10/2024,M,3
31,12/2024,M,3
32,02/2023,F,1
32,02/2025,F,1
32,03/2024,F,1
32,04/2023,F,1
32,04/2024,F,1
32,04/2025,F,1
32,05/2023,F,1
32,05/2025,F,1
32,06/2024,F,1
32,06/2025,F,1
32,07/2023,F,1
32,07/2025,F,1
32,08/2022,F,2
32,08/2023,F,2
32,08/2024,F,1
32,09/2024,F,1
32,09/2025,F,1
32,10/2022,F,1
32,10/2025,F,1
32,11/2022,F,1
32,11/2023,F,1
32,12/2023,F,1
32,12/2024,F,1
33,01/2023,F,1
33,04/2023,F,1
33,08/2022,F,1
33,11/2022,F,2
34,01/2023,M,1
34,01/2024,M,2
34,03/2023,M,1
34,03/2024,M,2
34,05/2023,M,1
34,05/2024,M,2
34,06/2023,M,1
34,07/2023,M,2
34,07/2024,M,2
34,09/2023,M,2
34,10/2022,M,1
34,11/2022,M,1
34,11/2023,M,2
34,12/2024,M,3
35,01/2023,M,3
35,01/2025,M,3
35,02/2025,M,3
35,04/2024,M,3
35,05/2023,M,1
35,06/2023,M,1
35,08/2022,M,1
35,08/2023,M,3
35,08/2024,M,3
35,09/2023,M,3
35,09/2024,M,3
35,10/2022,M,1
35,10/2023,M,3
35,10/2024,M,3
35,11/2022,M,1
35,11/2023,M,3
36,01/2023,F,3
36,02/2023,F,3
36,04/2023,F,3
36,04/2024,F,4
36,05/2023,F,3
36,06/2026,F,4
36,07/2024,F,4
36,08/2022,F,3
36,10/2022,F,3
36,11/2022,F,3
36,11/2023,F,3
36,12/2022,F,3
36,12/2023,F,3
37,01/2023,F,4
37,02/2023,F,1
37,03/2024,F,4
37,05/2024,F,2
37,06/2023,F,1
37,06/2024,F,2
37,07/2024,F,2
37,08/2023,F,4
37,10/2023,F,4
37,11/2022,F,1
37,11/2023,F,4
37,12/2022,F,1
38,10/2022,F,3
39,09/2022,F,1
39,10/2022,F,1
40,02/2024,F,2
40,04/2024,F,2
40,05/2023,F,1
40,07/2024,F,2
40,08/2023,F,2
40,09/2025,F,2
40,10/2022,F,1
40,10/2023,F,2
40,10/2024,F,2
40,11/2022,F,1
40,12/2023,F,2
40,12/2024,F,2
40,12/2025,F,2
41,01/2023,M,1
41,05/2023,M,1
41,07/2024,M,1
41,08/2022,M,1
41,09/2022,M,1
41,09/2023,M,1
41,09/2024,M,1
41,10/2022,M,1
41,10/2024,M,1
42,01/2023,F,1
42,02/2023,F,1
42,11/2022,F,1
42,12/2022,F,1
43,11/2022,M,1
44,01/2023,F,1
44,02/2023,F,1
44,02/2025,F,1
44,04/2023,F,1
44,04/2024,F,1
44,04/2025,F,1
44,05/2023,F,1
44,05/2025,F,1
44,06/2024,F,1
44,07/2023,F,1
44,07/2024,F,1
44,07/2025,F,1
44,08/2023,F,1
44,08/2025,F,1
44,09/2024,F,1
44,09/2025,F,1
44,10/2022,F,1
44,10/2023,F,1
44,10/2024,F,1
44,11/2025,F,1
44,12/2022,F,1
44,12/2023,F,1
44,12/2024,F,1
45,01/2024,M,4
45,02/2023,M,4
45,02/2025,M,4
45,03/2023,M,4
45,04/2024,M,4
45,04/2025,M,4
45,05/2023,M,4
45,05/2024,M,4
45,06/2023,M,4
45,06/2024,M,4
45,07/2023,M,4
45,08/2023,M,4
45,09/2023,M,4
45,10/2023,M,4
45,10/2024,M,4
45,11/2023,M,4
45,11/2024,M,4
45,12/2022,M,1
45,12/2023,M,4
45,12/2024,M,4
46,01/2023,F,1
46,09/2022,F,1
46,10/2022,F,1
46,11/2022,F,1
47,01/2023,F,1
47,05/2023,F,1
47,07/2023,F,1
47,09/2022,F,1
47,10/2022,F,1
47,10/2023,F,1
48,01/2023,F,1
48,02/2023,F,3
48,03/2023,F,1
48,04/2023,F,1
48,08/2022,F,1
48,10/2022,F,1
48,11/2022,F,1
49,01/2024,F,1
49,02/2025,F,1
49,03/2024,F,1
49,04/2024,F,1
49,05/2025,F,1
49,06/2024,F,1
49,06/2025,F,1
49,07/2023,F,1
49,07/2024,F,1
49,07/2025,F,1
49,08/2023,F,1
49,08/2024,F,1
49,08/2025,F,1
49,09/2022,F,1
49,09/2023,F,1
49,09/2025,F,1
49,10/2022,F,1
49,10/2024,F,1
49,10/2025,F,1
49,11/2022,F,1
49,11/2023,F,1
49,12/2023,F,1
49,12/2024,F,1
49,12/2025,F,1
50,04/2024,F,1
50,07/2023,F,1
50,08/2022,F,1
50,10/2022,F,2
51,01/2023,M,4
51,04/2023,M,4
51,07/2022,M,4
51,08/2022,M,1
51,09/2022,M,1
51,10/2022,M,4
51,10/2024,M,1
51,11/2022,M,4
51,12/2022,M,4
51,12/2024,M,3
52,01/2023,M,1
52,03/2023,M,1
52,04/2023,M,1
52,05/2023,M,1
52,06/2023,M,1
52,07/2023,M,1
52,09/2023,M,1
52,10/2022,M,1
52,11/2022,M,1
52,11/2023,M,1
53,01/2023,F,1
53,01/2025,F,1
53,02/2025,F,1
53,03/2023,F,1
53,03/2024,F,1
53,04/2023,F,1
53,04/2024,F,1
53,04/2025,F,1
53,05/2023,F,1
53,05/2024,F,1
53,06/2023,F,1
53,06/2024,F,1
53,06/2025,F,2
53,07/2023,F,1
53,07/2024,F,1
53,07/2025,F,2
53,08/2025,F,2
53,09/2023,F,1
53,09/2025,F,2
53,10/2022,F,1
53,10/2023,F,1
53,10/2024,F,1
53,11/2022,F,1
53,11/2025,F,2
53,12/2022,F,1
53,12/2023,F,1
53,12/2024,F,1
53,12/2025,F,2
54,01/2023,F,1
54,04/2023,F,1
54,05/2023,F,1
54,06/2023,F,1
54,07/2023,F,1
54,08/2023,F,1
54,10/2023,F,1
54,11/2022,F,1
54,11/2023,F,1
54,12/2022,F,1
55,01/2023,F,4
55,02/2023,F,4
55,03/2023,F,4
55,04/2023,F,4
55,04/2024,F,4
55,05/2023,F,4
55,05/2024,F,4
55,07/2023,F,4
55,07/2024,F,4
55,08/2022,F,3
55,10/2022,F,3
55,11/2022,F,4
55,11/2023,F,3
56,02/2024,M,1
56,04/2024,M,1
56,06/2024,M,1
56,07/2024,M,1
56,09/2023,M,1
56,09/2024,M,1
56,10/2023,M,1
56,10/2024,M,1
56,11/2023,M,1
56,12/2024,M,1
57,02/2024,F,2
57,03/2024,F,2
57,04/2024,F,2
57,05/2024,F,2
57,06/2024,F,2
57,07/2023,F,2
57,08/2024,F,2
57,09/2023,F,2
57,10/2023,F,2
57,12/2023,F,2
58,04/2023,M,1
58,05/2023,M,1
58,07/2023,M,1
59,01/2024,M,3
59,01/2025,M,3
59,02/2024,M,3
59,02/2025,M,3
59,04/2025,M,3
59,05/2024,M,3
59,06/2025,M,3
59,07/2024,M,3
59,07/2025,M,3
59,08/2024,M,3
59,08/2025,M,3
59,09/2024,M,3
59,10/2023,M,3
59,10/2025,M,3
59,11/2023,M,3
59,11/2024,M,3
59,12/2024,M,3
59,12/2025,M,3
60,01/2024,M,3
60,04/2024,M,3
60,09/2023,M,3
60,10/2023,M,3
60,12/2023,M,3
61,01/2025,F,1
61,02/2024,F,1
61,03/2024,F,1
61,04/2023,F,1
61,04/2025,F,1
61,05/2023,F,1
61,05/2024,F,1
61,06/2025,F,1
61,07/2024,F,1
61,08/2023,F,1
61,08/2025,F,1
61,09/2023,F,1
61,09/2024,F,1
61,10/2023,F,1
61,10/2025,F,1
61,12/2023,F,1
61,12/2024,F,1
61,12/2025,F,1
62,01/2024,F,3
62,02/2024,F,2
62,02/2025,F,2
62,04/2024,F,2
62,05/2025,F,2
62,06/2024,F,2
62,06/2025,F,2
62,07/2024,F,2
62,08/2024,F,2
62,10/2024,F,2
62,12/2023,F,3
62,12/2024,F,2
63,01/2025,M,4
63,02/2023,M,1
63,03/2023,M,1
63,03/2024,M,5
63,04/2024,M,5
63,05/2023,M,1
63,05/2025,M,4
63,07/2023,M,1
63,07/2024,M,4
63,07/2025,M,4
63,08/2023,M,5
63,09/2023,M,5
63,10/2023,M,5
63,11/2023,M,5
64,01/2023,F,1
64,10/2023,F,1
64,11/2023,F,1
65,01/2023,F,1
65,02/2023,F,1
65,02/2024,F,2
65,03/2023,F,1
65,05/2023,F,1
65,07/2023,F,1
65,08/2023,F,3
65,10/2023,F,3
65,11/2023,F,3
66,01/2023,F,1
66,03/2023,F,1
66,04/2023,F,1
66,05/2024,F,1
66,07/2023,F,1
66,07/2024,F,1
66,07/2025,F,1
66,08/2023,F,1
66,08/2025,F,1
66,09/2023,F,1
66,09/2024,F,1
66,09/2025,F,1
66,10/2023,F,1
66,10/2024,F,1
66,11/2023,F,1
66,11/2025,F,1
66,12/2025,F,1
67,03/2024,M,1
67,05/2024,M,1
67,06/2023,M,1
67,07/2024,M,1
67,08/2023,M,1
67,09/2023,M,1
67,09/2024,M,1
67,11/2023,M,1
67,12/2023,M,1
67,12/2024,M,1
68,05/2023,M,1
69,01/2024,F,1
69,02/2025,F,1
69,03/2024,F,1
69,04/2024,F,1
69,05/2025,F,1
69,06/2025,F,1
69,07/2024,F,1
69,08/2023,F,1
69,08/2025,F,1
69,09/2023,F,1
69,09/2024,F,1
69,10/2023,F,1
69,10/2025,F,1
69,11/2024,F,1
69,11/2025,F,1
69,12/2023,F,1
69,12/2024,F,1
69,12/2025,F,1
70,01/2025,F,2
70,02/2024,F,2
70,03/2023,F,1
70,03/2024,F,2
70,04/2023,F,1
70,04/2024,F,2
70,05/2023,F,1
70,06/2024,F,2
70,08/2023,F,2
70,08/2024,F,2
70,09/2023,F,2
70,09/2024,F,2
70,10/2023,F,2
70,11/2023,F,2
70,11/2024,F,2
70,12/2023,F,2
71,01/2023,M,5
71,02/2025,M,3
71,03/2023,M,1
71,03/2025,M,3
71,04/2023,M,5
71,05/2023,M,1
71,05/2025,M,3
71,06/2023,M,5
71,07/2023,M,1
71,07/2024,M,3
71,07/2025,M,3
71,08/2023,M,5
71,09/2023,M,5
71,09/2024,M,3
71,09/2025,M,3
71,10/2023,M,5
71,11/2025,M,3
71,12/2024,M,3
72,02/2024,F,1
72,04/2024,F,1
72,10/2023,F,1
72,12/2023,F,1
73,08/2023,F,1
73,09/2023,F,1
74,01/2023,M,1
74,01/2024,M,1
74,02/2023,M,1
74,04/2023,M,1
74,04/2024,M,1
74,05/2023,M,1
74,06/2024,M,1
74,07/2023,M,1
74,07/2024,M,1
74,09/2024,M,1
74,09/2025,M,1
74,10/2023,M,1
74,10/2025,M,1
74,11/2023,M,1
74,12/2024,M,1
74,12/2025,M,1
75,01/2024,F,2
75,08/2023,F,1
75,09/2023,F,2
75,10/2023,F,2
75,12/2023,F,2
76,01/2023,F,1
76,05/2023,F,1
76,05/2024,F,1
76,06/2023,F,1
76,08/2023,F,1
76,08/2024,F,1
76,09/2023,F,1
76,11/2023,F,1
76,12/2024,F,1
77,01/2025,M,3
77,06/2023,M,1
77,07/2023,M,1
77,08/2023,M,3
77,09/2023,M,3
77,10/2023,M,3
77,11/2023,M,3
77,11/2024,M,3
77,12/2023,M,3
78,01/2023,M,1
78,02/2023,M,1
78,03/2023,M,1
78,05/2023,M,1
78,06/2023,M,1
78,07/2023,M,1
78,08/2023,M,1
78,09/2023,M,1
78,12/2022,M,1
79,01/2024,M,1
79,01/2025,M,1
79,02/2024,M,1
79,02/2025,M,1
79,04/2024,M,1
79,04/2025,M,1
79,05/2025,M,1
79,07/2024,M,1
79,07/2025,M,1
79,08/2024,M,1
79,09/2024,M,1
79,09/2025,M,1
79,10/2024,M,1
79,11/2023,M,1
79,11/2025,M,1
79,12/2024,M,1
80,01/2024,M,2
80,01/2025,M,1
80,02/2024,M,1
80,03/2024,M,1
80,03/2025,M,1
80,04/2024,M,1
80,06/2023,M,2
80,06/2024,M,1
80,08/2024,M,1
80,08/2025,M,4
80,09/2023,M,2
80,09/2025,M,4
80,10/2023,M,2
80,10/2025,M,4
80,11/2023,M,2
80,12/2025,M,4
81,01/2023,M,1
81,01/2024,M,1
81,02/2023,M,1
81,02/2024,M,1
81,03/2024,M,1
81,04/2023,M,1
81,04/2024,M,1
81,06/2023,M,1
81,06/2024,M,1
81,07/2023,M,1
81,07/2024,M,1
81,08/2023,M,2
81,09/2024,M,1
81,10/2023,M,1
81,11/2023,M,1
81,12/2023,M,1
82,01/2023,F,2
82,01/2025,F,4
82,02/2024,F,4
82,02/2025,F,4
82,03/2024,F,4
82,04/2024,F,4
82,04/2025,F,4
82,05/2025,F,4
82,06/2024,F,4
82,06/2025,F,4
82,07/2023,F,1
82,08/2023,F,2
82,08/2024,F,4
82,08/2025,F,4
82,09/2023,F,2
82,09/2024,F,4
82,09/2025,F,4
82,10/2023,F,2
82,10/2024,F,4
82,11/2023,F,2
82,11/2025,F,1
82,12/2024,F,4
82,12/2025,F,1
83,12/2023,F,2
84,11/2023,F,2
85,02/2025,M,3
85,03/2024,M,3
85,03/2025,M,3
85,04/2024,M,3
85,04/2025,M,3
85,05/2023,M,1
85,05/2024,M,3
85,05/2025,M,3
85,06/2023,M,1
85,07/2023,M,3
85,07/2024,M,3
85,07/2025,M,3
85,08/2023,M,3
85,08/2025,M,3
85,09/2024,M,3
85,09/2025,M,3
85,10/2023,M,3
85,10/2024,M,3
85,10/2025,M,3
85,11/2023,M,3
85,12/2023,M,3
85,12/2024,M,3
85,12/2025,M,3
86,01/2024,M,1
86,02/2023,M,1
86,02/2024,M,1
86,03/2023,M,1
86,04/2023,M,1
86,05/2023,M,1
86,06/2023,M,1
86,07/2023,M,1
86,08/2023,M,1
86,09/2023,M,1
86,10/2023,M,1
86,11/2023,M,1
87,01/2023,M,1
88,01/2024,M,4
88,02/2024,M,4
88,02/2025,M,3
88,03/2024,M,4
88,03/2025,M,3
88,04/2023,M,1
88,04/2024,M,4
88,05/2023,M,1
88,06/2023,M,1
88,06/2024,M,4
88,07/2023,M,1
88,07/2024,M,4
88,08/2023,M,3
88,08/2024,M,4
88,09/2023,M,3
88,10/2023,M,1
88,10/2024,M,3
88,11/2023,M,1
88,12/2023,M,4
88,12/2024,M,3
89,02/2025,M,1
89,03/2023,M,1
89,04/2023,M,1
89,04/2025,M,1
89,05/2023,M,1
89,05/2024,M,1
89,06/2024,M,1
89,07/2023,M,1
89,07/2024,M,1
89,07/2025,M,1
89,09/2024,M,1
89,09/2025,M,1
89,10/2024,M,1
89,10/2025,M,1
89,12/2024,M,1
90,01/2024,M,3
90,01/2025,M,1
90,02/2025,M,1
90,03/2024,M,3
90,04/2023,M,1
90,04/2024,M,3
90,04/2025,M,1
90,05/2023,M,1
90,06/2023,M,1
90,08/2023,M,3
90,09/2023,M,3
90,10/2023,M,3
91,01/2024,F,1
91,02/2025,F,1
91,07/2023,F,1
91,08/2023,F,1
91,09/2023,F,3
92,01/2024,M,3
92,02/2024,M,1
92,02/2025,M,3
92,03/2024,M,1
92,03/2025,M,3
92,04/2023,M,1
92,04/2024,M,1
92,04/2025,M,3
92,05/2023,M,1
92,05/2024,M,3
92,05/2025,M,3
92,06/2023,M,1
92,06/2024,M,3
92,07/2024,M,3
92,07/2025,M,3
92,08/2023,M,1
92,08/2024,M,3
92,08/2025,M,3
92,09/2023,M,1
92,09/2024,M,3
92,09/2025,M,3
92,10/2023,M,1
92,10/2024,M,3
92,10/2025,M,3
92,11/2023,M,1
92,11/2025,M,3
92,12/2024,M,3
92,12/2025,M,3
93,01/2024,F,1
93,02/2025,F,1
93,03/2024,F,1
93,04/2024,F,1
93,04/2025,F,1
93,06/2024,F,1
93,07/2024,F,1
93,08/2023,F,1
93,09/2023,F,1
93,09/2024,F,1
93,10/2023,F,1
93,11/2024,F,1
93,12/2023,F,1
93,12/2024,F,1
94,04/2024,F,1
94,08/2023,F,1
94,10/2023,F,1
95,11/2022,F,1
95,12/2023,F,4
96,02/2024,F,1
96,03/2024,F,1
96,04/2024,F,1
96,06/2024,F,1
96,07/2024,F,1
96,08/2023,F,1
96,09/2023,F,2
96,09/2024,F,1
96,10/2023,F,1
96,12/2023,F,1
97,05/2024,F,2
97,06/2023,F,1
97,07/2023,F,1
97,08/2023,F,1
97,10/2023,F,1
97,11/2023,F,1
98,03/2024,M,4
98,04/2024,M,4
98,07/2024,M,3
98,09/2024,M,3
98,11/2023,M,4
98,12/2024,M,3
99,02/2024,M,1
99,03/2024,M,3
99,07/2023,M,1
99,08/2023,M,1
99,11/2023,M,1
99,12/2023,M,1
99,12/2024,M,1
100,01/2023,F,4
100,03/2023,F,4
100,04/2023,F,4
100,04/2024,F,1
100,06/2023,F,4
101,02/2024,F,2
101,05/2023,F,1
101,06/2023,F,1
101,07/2024,F,1
101,08/2023,F,2
101,08/2024,F,1
101,09/2023,F,2
101,10/2023,F,2
101,12/2023,F,2
102,01/2023,F,1
102,01/2025,F,1
102,02/2025,F,1
102,03/2024,F,1
102,04/2024,F,1
102,04/2025,F,1
102,05/2025,F,1
102,06/2024,F,1
102,06/2025,F,1
102,07/2024,F,1
102,08/2024,F,1
102,08/2025,F,1
102,09/2024,F,1
102,09/2025,F,1
102,10/2023,F,1
102,11/2023,F,1
102,11/2024,F,1
102,11/2025,F,1
102,12/2025,F,1
103,01/2023,M,2
103,02/2023,M,1
103,02/2024,M,2
103,03/2023,M,1
103,05/2023,M,1
103,06/2023,M,1
103,06/2024,M,2
103,07/2023,M,1
103,08/2023,M,2
103,09/2023,M,2
103,10/2023,M,2
103,10/2024,M,2
103,11/2023,M,2
104,01/2025,F,3
104,02/2024,F,3
104,02/2025,F,3
104,04/2023,F,1
104,04/2024,F,3
104,04/2025,F,3
104,05/2023,F,1
104,05/2024,F,3
104,06/2025,F,3
104,07/2023,F,1
104,07/2024,F,3
104,08/2023,F,3
104,08/2024,F,3
104,08/2025,F,3
104,09/2023,F,3
104,09/2025,F,3
104,10/2023,F,3
104,10/2024,F,3
104,11/2025,F,3
104,12/2023,F,3
104,12/2024,F,3
105,02/2024,M,1
105,02/2025,M,1
105,03/2024,M,1
105,04/2025,M,1
105,05/2024,M,1
105,09/2024,M,1
105,10/2024,M,1
105,12/2023,M,1
105,12/2024,M,1
106,02/2024,M,3
106,09/2023,M,1
106,10/2023,M,3
106,11/2023,M,3
107,02/2024,F,1
107,10/2023,F,1
107,11/2023,F,1
107,12/2023,F,1
108,02/2025,M,3
108,03/2024,M,3
108,04/2024,M,3
108,04/2025,M,3
108,05/2023,M,1
108,05/2024,M,3
108,05/2025,M,3
108,06/2025,M,3
108,07/2023,M,3
108,07/2024,M,3
108,08/2024,M,3
108,08/2025,M,3
108,09/2023,M,3
108,09/2024,M,3
108,09/2025,M,3
108,10/2023,M,3
108,11/2023,M,3
108,11/2025,M,3
108,12/2023,M,3
108,12/2024,M,3
108,12/2025,M,3
109,01/2023,F,1
109,04/2024,F,1
109,05/2023,F,1
109,06/2023,F,1
109,06/2024,F,1
109,07/2023,F,1
109,09/2023,F,1
109,11/2023,F,1
109,12/2023,F,1
110,02/2024,F,3
110,04/2023,F,1
110,04/2024,F,3
110,06/2023,F,1
110,07/2023,F,1
110,08/2023,F,3
110,09/2023,F,3
110,10/2023,F,3
110,11/2023,F,3
111,01/2023,F,1
111,03/2023,F,1
112,09/2023,F,3
113,01/2025,F,1
113,03/2024,F,1
113,04/2024,F,1
113,04/2025,F,1
113,05/2024,F,1
113,05/2025,F,1
113,06/2025,F,1
113,07/2024,F,1
113,07/2025,F,1
113,08/2025,F,1
113,09/2024,F,1
113,09/2025,F,1
113,10/2024,F,1
113,11/2023,F,1
113,11/2025,F,1
113,12/2024,F,1
114,02/2023,M,1
114,02/2024,M,1
114,03/2023,M,1
114,03/2024,M,1
114,04/2024,M,1
114,05/2023,M,1
114,06/2023,M,1
114,07/2023,M,1
114,08/2023,M,1
114,09/2023,M,1
114,10/2023,M,1
114,11/2023,M,1
114,12/2023,M,1
115,01/2023,M,1
116,01/2023,F,4
116,02/2023,F,1
116,03/2023,F,1
116,03/2025,F,1
116,04/2023,F,1
116,04/2024,F,1
116,06/2023,F,1
116,06/2024,F,1
116,07/2023,F,1
116,07/2025,F,1
116,08/2024,F,1
116,09/2023,F,1
116,09/2025,F,1
116,10/2024,F,1
116,11/2023,F,4
116,12/2024,F,1
116,12/2025,F,1
117,01/2025,M,3
117,02/2024,M,3
117,02/2025,M,3
117,03/2024,M,3
117,03/2025,M,3
117,04/2024,M,3
117,05/2024,M,3
117,05/2025,M,3
117,06/2024,M,3
117,07/2024,M,3
117,07/2025,M,3
117,08/2024,M,3
117,08/2025,M,3
117,09/2024,M,3
117,09/2025,M,3
117,10/2023,M,3
117,10/2024,M,3
117,10/2025,M,3
117,11/2023,M,3
117,12/2023,M,3
117,12/2024,M,3
117,12/2025,M,3
118,03/2024,M,1
118,04/2024,M,1
118,06/2024,M,1
118,08/2024,M,1
118,09/2023,M,1
118,09/2024,M,1
118,10/2023,M,1
118,11/2023,M,1
118,12/2025,M,1
119,01/2024,F,1
119,03/2024,F,1
119,07/2024,F,1
119,10/2023,F,1
119,11/2023,F,1
120,01/2023,M,4
120,01/2025,M,4
120,02/2024,M,4
120,02/2025,M,4
120,03/2023,M,1
120,04/2023,M,1
120,04/2024,M,4
120,04/2025,M,4
120,05/2023,M,1
120,05/2024,M,4
120,05/2025,M,4
120,06/2023,M,4
120,06/2025,M,4
120,07/2023,M,4
120,07/2024,M,3
120,07/2025,M,4
120,08/2025,M,4
120,09/2024,M,4
120,09/2025,M,4
120,10/2023,M,4
120,10/2024,M,4
120,10/2025,M,4
120,11/2023,M,4
120,11/2025,M,3
120,12/2024,M,4
120,12/2025,M,3
121,02/2024,F,1
121,02/2025,F,1
121,06/2023,F,1
121,06/2024,F,1
121,07/2024,F,1
121,08/2024,F,1
121,09/2023,F,1
121,09/2024,F,1
121,11/2023,F,1
121,12/2024,F,1
122,01/2024,M,3
122,03/2024,M,3
122,04/2024,M,3
122,05/2024,M,3
122,08/2024,M,3
122,09/2024,M,3
122,10/2023,M,1
122,11/2023,M,1
122,12/2023,M,3
123,01/2024,M,4
123,01/2025,M,4
123,02/2024,M,4
123,03/2025,M,4
123,04/2024,M,4
123,04/2025,M,4
123,05/2024,M,4
123,06/2024,M,4
123,06/2025,M,4
123,08/2024,M,4
123,08/2025,M,4
123,09/2024,M,4
123,09/2025,M,4
123,11/2023,M,3
123,12/2023,M,4
123,12/2024,M,4
123,12/2025,M,4
124,04/2024,F,4
124,05/2024,F,1
124,09/2023,F,5
124,10/2023,F,5
124,11/2023,F,4
124,12/2023,F,4
125,01/2024,F,1
125,02/2025,F,1
125,03/2024,F,1
125,05/2024,F,1
125,05/2025,F,1
125,06/2024,F,1
125,07/2025,F,1
125,08/2024,F,1
125,09/2025,F,1
125,10/2024,F,1
125,11/2023,F,1
125,11/2024,F,1
125,12/2024,F,1
125,12/2025,F,1
126,04/2024,F,1
126,09/2023,F,1
126,10/2023,F,1
126,12/2023,F,1
127,02/2024,F,1
127,04/2024,F,1
127,06/2023,F,1
127,06/2024,F,1
127,08/2023,F,3
127,10/2024,F,1
127,11/2023,F,1
128,02/2024,F,1
128,03/2024,F,1
128,04/2024,F,1
128,05/2024,F,1
128,06/2024,F,1
128,08/2023,F,1
128,09/2023,F,1
128,11/2023,F,1
128,12/2023,F,1
129,01/2025,F,1
129,02/2024,F,1
129,04/2023,F,1
129,04/2024,F,1
129,04/2025,F,1
129,05/2023,F,1
129,05/2025,F,1
129,06/2024,F,1
129,07/2023,F,1
129,07/2024,F,1
129,08/2023,F,1
129,08/2025,F,1
129,09/2023,F,1
129,09/2024,F,1
129,09/2025,F,1
129,10/2024,F,1
129,11/2025,F,1
129,12/2023,F,1
129,12/2024,F,1
129,12/2025,F,4
130,01/2025,M,3
130,05/2025,M,1
130,08/2025,M,3
130,09/2024,M,1
130,10/2024,M,3
130,11/2024,M,3
131,01/2024,M,1
131,01/2025,M,5
131,02/2024,M,1
131,02/2025,M,5
131,03/2024,M,1
131,03/2025,M,3
131,04/2024,M,1
131,04/2025,M,3
131,05/2025,M,3
131,06/2024,M,1
131,07/2024,M,1
131,07/2025,M,3
131,08/2024,M,1
131,08/2025,M,3
131,09/2025,M,3
131,10/2024,M,1
131,11/2024,M,1
131,12/2024,M,5
131,12/2025,M,3
132,01/2025,F,1
132,02/2025,F,1
132,10/2024,F,1
132,12/2024,F,1
133,01/2024,F,1
133,03/2024,F,1
133,04/2024,F,1
133,06/2024,F,1
133,06/2025,F,1
133,08/2025,F,1
133,11/2023,F,1
133,11/2025,F,1
134,02/2025,F,2
134,04/2024,F,2
134,04/2025,F,2
134,05/2024,F,2
134,08/2024,F,2
134,09/2024,F,2
134,10/2024,F,2
134,12/2024,F,2
135,01/2025,M,3
135,02/2025,M,3
135,04/2024,M,1
135,04/2025,M,3
135,05/2024,M,1
135,05/2025,M,3
135,06/2024,M,1
135,07/2024,M,3
135,07/2025,M,3
135,08/2025,M,3
135,09/2025,M,3
135,10/2024,M,3
135,10/2025,M,3
135,12/2024,M,3
135,12/2025,M,3
136,01/2025,F,4
136,02/2024,F,1
136,02/2025,F,4
136,03/2024,F,1
136,03/2025,F,4
136,04/2024,F,1
136,04/2025,F,4
136,05/2025,F,4
136,06/2024,F,1
136,07/2024,F,1
136,07/2025,F,4
136,08/2025,F,4
136,09/2024,F,1
136,10/2024,F,1
136,11/2025,F,4
136,12/2024,F,1
136,12/2025,F,4
137,07/2024,F,1
138,01/2025,F,1
138,02/2025,F,1
138,04/2025,F,1
138,06/2025,F,1
138,07/2025,F,1
138,08/2024,F,1
138,08/2025,F,1
138,09/2024,F,1
138,09/2025,F,1
138,10/2024,F,1
138,11/2025,F,1
138,12/2024,F,1
138,12/2025,F,1
139,01/2025,F,4
139,02/2025,F,4
139,04/2025,F,4
139,05/2025,F,4
139,07/2025,F,4
139,08/2025,F,4
139,09/2025,F,4
139,12/2024,F,4
139,12/2025,F,4
140,01/2025,F,3
140,02/2025,F,3
140,04/2024,F,2
140,04/2025,F,3
140,05/2024,F,2
140,05/2025,F,3
140,06/2024,F,2
140,07/2024,F,3
140,07/2025,F,3
140,09/2024,F,3
140,09/2025,F,3
140,10/2024,F,3
140,10/2025,F,3
140,12/2024,F,3
140,12/2025,F,3
141,01/2025,F,1
141,04/2025,F,1
141,05/2024,F,1
141,06/2025,F,1
141,07/2024,F,1
141,08/2024,F,1
141,09/2024,F,1
141,09/2025,F,1
142,01/2025,F,1
142,02/2025,F,1
142,04/2025,F,1
142,06/2024,F,1
142,07/2024,F,1
142,07/2025,F,1
142,09/2024,F,1
142,09/2025,F,1
142,10/2025,F,1
142,11/2024,F,1
143,01/2024,F,1
143,02/2024,F,1
143,03/2025,F,1
143,04/2025,F,1
143,06/2025,F,1
143,08/2024,F,1
143,09/2024,F,1
143,10/2024,F,1
143,12/2024,F,1
144,05/2025,F,1
144,06/2025,F,1
144,07/2025,F,1
144,09/2025,F,1
144,10/2024,F,1
144,10/2025,F,1
144,11/2025,F,1
144,12/2024,F,1
144,12/2025,F,1
145,04/2025,F,1
145,05/2025,F,1
145,07/2025,F,1
145,08/2025,F,1
145,09/2025,F,4
145,11/2025,F,4
145,12/2025,F,4
146,12/2024,F,1
147,01/2025,F,1
147,02/2024,F,1
147,02/2025,F,1
147,03/2024,F,1
147,04/2024,F,1
147,06/2024,F,1
147,07/2024,F,1
147,09/2024,F,1
147,10/2024,F,1
147,11/2024,F,1
148,01/2025,F,2
148,02/2025,F,2
148,09/2024,F,2
148,12/2024,F,2
149,03/2025,F,1
149,05/2025,F,1
149,07/2025,F,1
149,08/2024,F,1
149,09/2025,F,1
149,10/2024,F,1
149,11/2025,F,1
149,12/2024,F,1
150,02/2025,F,3
150,03/2024,F,1
150,04/2024,F,3
150,04/2025,F,2
150,05/2024,F,3
150,05/2025,F,2
150,06/2025,F,2
150,07/2024,F,3
150,09/2024,F,3
150,10/2024,F,3
150,12/2024,F,3
151,02/2025,F,2
151,04/2024,F,2
151,04/2025,F,2
151,05/2024,F,2
151,06/2024,F,2
151,06/2025,F,2
151,08/2024,F,2
151,08/2025,F,2
151,09/2024,F,2
151,09/2025,F,2
151,10/2025,F,2
151,11/2024,F,2
151,12/2024,F,2
151,12/2025,F,2
152,03/2024,F,1
152,03/2025,F,1
152,05/2024,F,1
152,05/2025,F,1
152,06/2024,F,1
152,08/2024,F,1
152,08/2025,F,1
152,10/2025,F,1
152,12/2024,F,1
152,12/2025,F,1
153,04/2024,F,2
153,05/2024,F,2
153,07/2024,F,2
154,02/2025,F,2
154,04/2025,F,2
154,06/2025,F,2
154,07/2024,F,1
154,08/2024,F,1
154,08/2025,F,2
154,09/2024,F,2
154,11/2024,F,2
155,01/2025,M,1
155,02/2025,M,1
155,03/2024,M,3
155,03/2025,M,1
155,04/2024,M,3
155,04/2025,M,4
155,05/2025,M,4
155,06/2024,M,3
155,06/2025,M,4
155,07/2025,M,4
155,09/2024,M,3
155,09/2025,M,4
155,10/2024,M,3
155,11/2024,M,3
155,11/2025,M,4
155,12/2025,M,4
156,01/2024,M,4
156,02/2024,M,4
156,02/2025,M,4
156,03/2024,M,4
156,03/2025,M,4
156,04/2024,M,4
156,04/2025,M,4
156,05/2024,M,4
156,06/2024,M,4
156,07/2024,M,4
156,07/2025,M,4
156,08/2024,M,4
156,09/2025,M,4
156,10/2024,M,4
156,10/2025,M,3
156,11/2024,M,4
156,12/2024,M,4
156,12/2025,M,3
157,02/2025,F,1
157,03/2024,F,1
157,04/2024,F,1
157,05/2024,F,1
157,08/2024,F,1
157,10/2024,F,1
157,11/2023,F,1
157,12/2024,F,1
158,01/2025,F,1
158,04/2025,F,1
158,05/2025,F,1
158,06/2025,F,1
158,07/2025,F,1
158,08/2024,F,1
158,10/2024,F,1
158,10/2025,F,1
158,12/2024,F,1
158,12/2025,F,1
159,01/2025,M,3
159,12/2024,M,1
160,02/2025,M,3
160,04/2025,M,3
160,06/2025,M,3
160,08/2025,M,3
160,11/2024,M,1
160,11/2025,M,3
160,12/2024,M,3
161,10/2024,M,1
162,01/2025,M,1
162,10/2024,M,1
162,12/2024,M,1
162,12/2025,M,1
163,03/2025,F,1
163,04/2025,F,1
163,07/2024,F,1
163,09/2024,F,1
163,10/2024,F,1
163,12/2024,F,1
164,09/2025,F,2
164,10/2024,F,2
164,12/2024,F,2
165,02/2024,M,3
165,02/2025,M,4
165,03/2024,M,3
165,07/2024,M,3
165,08/2024,M,3
165,09/2024,M,3
165,10/2024,M,3
165,11/2024,M,4
165,12/2024,M,4
166,01/2025,M,1
166,03/2024,M,1
166,04/2024,M,1
166,05/2024,M,1
166,06/2025,M,1
166,07/2024,M,1
166,08/2025,M,1
166,09/2024,M,1
166,09/2025,M,1
166,12/2023,M,1
167,01/2025,M,3
167,02/2024,M,3
167,03/2024,M,3
167,04/2025,M,1
167,05/2024,M,3
167,06/2024,M,3
167,08/2024,M,3
167,09/2024,M,3
167,10/2024,M,3
167,12/2024,M,3
168,01/2025,F,1
168,04/2025,F,2
168,05/2025,F,2
168,06/2025,F,2
168,10/2025,F,2
168,12/2024,F,1
168,12/2025,F,2
169,01/2025,F,1
169,02/2025,F,1
169,04/2023,F,1
169,05/2023,F,1
169,06/2023,F,1
169,08/2023,F,1
169,10/2023,F,1
169,11/2023,F,1
170,02/2025,F,1
170,04/2024,F,1
170,06/2024,F,1
170,09/2024,F,1
170,10/2024,F,1
170,12/2024,F,1
171,04/2024,F,1
171,04/2025,F,1
171,05/2024,F,1
171,07/2024,F,1
171,10/2024,F,1
172,10/2024,F,1
173,01/2025,F,4
173,02/2024,F,1
173,02/2025,F,1
173,03/2024,F,1
173,04/2024,F,4
173,05/2024,F,4
173,05/2025,F,1
173,06/2025,F,1
173,07/2024,F,4
173,08/2024,F,4
173,09/2025,F,1
173,10/2025,F,1
173,12/2025,F,1
174,01/2025,F,1
174,05/2025,F,1
174,06/2024,F,1
174,06/2025,F,1
174,07/2024,F,1
174,08/2025,F,1
174,09/2024,F,1
174,11/2024,F,1
175,01/2025,F,1
175,02/2024,F,1
175,03/2024,F,1
175,03/2025,F,4
175,04/2024,F,1
175,05/2024,F,1
175,05/2025,F,1
175,06/2024,F,1
175,07/2024,F,1
175,07/2025,F,1
175,08/2024,F,1
175,08/2025,F,1
175,09/2024,F,1
175,09/2025,F,1
175,10/2024,F,1
175,12/2024,F,1
175,12/2025,F,1
176,02/2025,F,1
176,03/2024,F,1
176,04/2025,F,1
176,05/2025,F,1
176,07/2025,F,1
176,09/2024,F,1
176,09/2025,F,1
176,11/2025,F,1
176,12/2024,F,1
177,02/2025,F,1
177,04/2024,F,1
177,05/2025,F,1
177,07/2024,F,1
177,08/2024,F,1
177,09/2024,F,1
177,10/2025,F,1
177,11/2024,F,1
177,12/2024,F,1
177,12/2025,F,1
178,01/2025,M,3
178,02/2025,M,3
178,04/2025,M,3
178,05/2025,M,3
178,06/2025,M,3
178,07/2025,M,3
178,08/2024,M,1
178,08/2025,M,3
178,09/2024,M,1
178,10/2024,M,1
178,10/2025,M,3
178,11/2024,M,1
178,12/2024,M,3
178,12/2025,M,3
179,05/2023,F,1
179,06/2023,F,1
179,07/2025,F,3
179,08/2023,F,5
179,09/2023,F,5
179,10/2023,F,3
180,12/2023,F,2
181,01/2024,F,1
181,03/2025,F,1
181,05/2024,F,1
181,07/2024,F,1
181,09/2024,F,1
181,11/2024,F,1
181,12/2024,F,1
182,08/2023,F,1
182,08/2025,F,1
182,09/2025,F,1
182,11/2023,F,1
182,11/2025,F,1
182,12/2025,F,1
183,02/2025,F,2
183,04/2025,F,2
183,05/2025,F,2
183,08/2024,F,2
183,10/2024,F,2
183,12/2024,F,2
184,03/2024,F,2
184,04/2025,F,2
184,05/2024,F,2
184,06/2025,F,2
184,07/2024,F,2
184,09/2025,F,2
184,10/2024,F,2
184,10/2025,F,2
184,12/2025,F,2
185,01/2025,M,3
185,02/2025,M,3
185,03/2025,M,3
185,04/2025,M,3
185,05/2025,M,3
185,06/2024,M,1
185,07/2024,M,1
185,07/2025,M,3
185,08/2024,M,1
185,09/2024,M,3
185,09/2025,M,3
185,10/2024,M,3
185,11/2025,M,3
185,12/2024,M,3
185,12/2025,M,3
186,03/2023,M,1
186,09/2024,M,1
186,12/2024,M,1
186,12/2025,M,1
187,01/2024,F,1
187,02/2024,F,1
187,04/2024,F,1
187,06/2024,F,1
187,06/2025,F,1
187,07/2024,F,1
187,07/2025,F,1
187,08/2024,F,1
187,09/2024,F,1
187,09/2025,F,1
187,10/2024,F,1
187,11/2025,F,1
187,12/2024,F,1
187,12/2025,F,1
188,02/2025,M,1
188,04/2025,M,1
188,06/2025,M,1
188,07/2025,M,1
188,08/2024,M,1
188,09/2025,M,1
188,10/2024,M,1
188,10/2025,M,1
188,12/2024,M,1
188,12/2025,M,1
189,05/2024,M,1
189,06/2024,M,1
190,02/2024,M,1
190,03/2024,M,1
190,04/2024,M,1
190,05/2024,M,1
190,06/2025,M,1
190,07/2024,M,1
190,07/2025,M,1
190,08/2024,M,1
190,08/2025,M,1
190,09/2024,M,1
190,09/2025,M,1
190,10/2024,M,1
190,10/2025,M,1
190,11/2025,M,1
190,12/2025,M,1
191,02/2025,M,3
191,05/2025,M,3
191,06/2025,M,1
191,07/2024,M,1
191,08/2024,M,1
191,08/2025,M,1
191,10/2024,M,3
191,10/2025,M,1
191,12/2025,M,1
192,08/2024,M,3
192,08/2025,M,2
192,09/2024,M,2
192,09/2025,M,2
192,10/2024,M,2
193,02/2025,M,2
193,04/2025,M,2
193,05/2025,M,2
193,07/2025,M,2
193,09/2024,M,2
193,09/2025,M,2
193,10/2024,M,2
193,12/2024,M,2
193,12/2025,M,2
194,02/2024,M,1
194,02/2025,M,1
194,03/2024,M,1
194,04/2024,M,1
194,05/2024,M,1
194,06/2024,M,1
194,07/2025,M,1
194,08/2024,M,1
194,09/2025,M,1
195,01/2025,M,3
195,03/2025,M,3
195,04/2025,M,3
195,05/2025,M,3
195,06/2025,M,3
195,07/2025,M,3
195,08/2025,M,3
195,09/2024,M,1
195,10/2024,M,3
195,10/2025,M,4
195,12/2024,M,3
196,01/2025,M,1
196,03/2025,M,1
196,04/2025,M,1
197,02/2025,M,4
197,03/2025,M,4
197,04/2025,M,4
197,05/2025,M,4
197,06/2025,M,4
197,07/2024,M,1
197,07/2025,M,4
197,08/2024,M,1
197,08/2025,M,4
197,09/2024,M,1
197,09/2025,M,4
197,10/2024,M,1
197,11/2025,M,4
197,12/2024,M,4
197,12/2025,M,4
198,02/2025,F,1
198,04/2025,F,1
198,06/2025,F,1
198,07/2024,F,1
198,07/2025,F,1
198,08/2024,F,1
198,09/2025,F,1
198,10/2024,F,1
198,11/2025,F,1
198,12/2024,F,1
198,12/2025,F,1
199,02/2025,F,1
199,04/2025,F,1
199,07/2024,F,1
199,07/2025,F,1
199,08/2024,F,1
199,09/2024,F,1
199,09/2025,F,1
199,12/2024,F,1
200,01/2025,F,2
200,09/2024,F,2
200,12/2025,F,2
201,02/2025,M,4
201,03/2023,M,4
201,04/2023,M,4
201,05/2023,M,4
201,07/2023,M,4
201,08/2023,M,4
201,09/2023,M,4
201,10/2023,M,4
202,01/2025,M,1
202,06/2025,M,1
202,11/2024,M,1
202,12/2024,M,1
202,12/2025,M,4
203,02/2025,M,1
203,03/2025,M,1
203,04/2024,M,1
203,04/2025,M,1
203,05/2024,M,1
203,05/2025,M,1
203,06/2024,M,1
203,06/2025,M,1
203,07/2024,M,1
203,07/2025,M,1
203,08/2024,M,1
203,08/2025,M,1
203,09/2024,M,1
203,09/2025,M,1
203,10/2024,M,1
203,11/2024,M,1
203,11/2025,M,1
203,12/2024,M,1
203,12/2025,M,1
204,01/2025,M,1
204,02/2025,M,1
204,04/2025,M,1
204,05/2025,M,1
204,06/2025,M,1
204,08/2024,M,1
204,08/2025,M,1
204,09/2024,M,1
204,09/2025,M,1
204,10/2024,M,1
204,10/2025,M,1
204,12/2024,M,1
204,12/2025,M,1
205,02/2025,F,1
205,03/2025,F,1
205,04/2025,F,1
205,05/2025,F,1
205,07/2025,F,1
205,08/2025,F,1
205,09/2025,F,1
205,10/2025,F,1
205,12/2024,F,1
205,12/2025,F,1
206,02/2025,F,1
206,04/2025,F,1
206,06/2025,F,1
206,12/2024,F,1
207,08/2024,F,2
207,09/2024,F,2
207,09/2025,F,1
207,10/2024,F,4
207,10/2025,F,1
208,02/2025,F,2
208,10/2024,F,2
208,12/2024,F,2
209,05/2024,M,3
209,06/2024,M,3
209,07/2025,M,3
209,08/2025,M,3
209,09/2024,M,3
209,09/2025,M,3
209,10/2024,M,3
209,12/2025,M,3
210,02/2025,M,1
210,04/2025,M,1
210,06/2024,M,1
210,06/2025,M,1
210,07/2025,M,1
210,08/2024,M,1
210,09/2024,M,1
210,09/2025,M,1
210,11/2024,M,1
210,11/2025,M,1
210,12/2024,M,1
211,02/2025,F,3
211,03/2025,F,3
211,07/2024,F,3
211,08/2024,F,3
211,12/2024,F,3
212,12/2024,F,3
213,01/2025,F,1
213,03/2025,F,1
213,05/2025,F,1
213,06/2025,F,1
213,07/2025,F,1
213,08/2024,F,1
213,09/2025,F,1
213,10/2024,F,1
213,11/2025,F,1
213,12/2024,F,1
214,01/2025,F,3
214,08/2024,F,3
214,09/2024,F,3
214,11/2024,F,3
215,05/2023,F,1
216,09/2024,F,2
217,01/2023,F,1
217,03/2023,F,1
217,08/2023,F,1
217,10/2023,F,1
217,12/2024,F,1
218,04/2024,M,1
218,05/2024,M,1
218,08/2024,M,1
219,06/2023,M,1
220,01/2025,F,1
220,02/2025,F,1
220,04/2025,F,1
220,05/2025,F,1
220,07/2025,F,1
220,09/2025,F,1
220,11/2025,F,1
220,12/2025,F,1
221,04/2024,F,2
222,09/2025,M,3
223,11/2023,M,1
224,02/2024,M,1
224,12/2023,M,1
225,09/2023,M,1
226,01/2023,M,3
226,12/2023,M,3
227,08/2024,F,1
227,10/2024,F,1
228,01/2024,F,1
228,11/2023,F,1
229,09/2023,F,1
230,10/2024,F,1
230,12/2024,F,1
231,01/2025,F,3
232,03/2025,F,1
232,04/2025,F,1
232,05/2025,F,1
232,06/2024,F,1
233,04/2024,M,4
234,07/2023,M,4
235,01/2024,M,3
235,02/2024,M,3
236,05/2023,M,1
236,06/2023,M,1
237,01/2023,F,1
237,04/2023,F,1
238,05/2023,F,1
239,07/2025,F,1
239,08/2025,F,1
239,10/2025,F,1
239,11/2025,F,1
240,09/2025,F,1
241,12/2022,M,1
242,01/2024,F,1
242,02/2024,F,1
243,05/2025,F,2
243,06/2025,F,2
243,08/2025,F,2
243,09/2025,F,2
243,11/2025,F,2
244,09/2024,F,2
245,06/2025,F,1
245,07/2025,F,1
245,09/2025,F,1
245,12/2025,F,1
246,05/2023,F,1
247,03/2025,M,1
247,04/2025,M,4
247,05/2025,M,5
247,07/2025,M,5
247,08/2025,M,5
247,11/2025,M,5
247,12/2025,M,5
248,05/2025,F,2
248,07/2025,F,2
249,12/2025,F,1
250,02/2023,F,1
250,04/2023,F,1
250,05/2023,F,1
250,08/2023,F,3
250,11/2023,F,1
251,08/2022,F,1
251,10/2022,F,1
252,01/2024,F,1
253,06/2023,M,1
253,08/2024,M,1
254,04/2024,M,1
254,05/2025,M,1
254,06/2025,M,1
254,07/2025,M,1
254,09/2025,M,1
254,11/2025,M,1
254,12/2025,M,1
255,08/2024,M,1
255,09/2024,M,1
256,07/2025,F,1
257,07/2025,F,1
257,09/2025,F,1
257,10/2025,F,1
258,07/2025,F,1
258,09/2025,F,1
258,10/2025,F,1
258,12/2025,F,1
259,02/2025,M,1
259,03/2025,M,1
259,04/2025,M,1
259,06/2025,M,1
259,07/2025,M,1
259,09/2025,M,1
259,10/2025,M,1
259,12/2025,M,1
260,08/2025,F,4
260,09/2025,F,4
260,11/2025,F,4
261,02/2023,M,1
261,03/2023,M,1
261,05/2023,M,1
261,12/2022,M,1
261,12/2024,M,1
262,02/2025,M,1
263,03/2024,M,1
263,04/2024,M,1
263,06/2024,M,1
263,08/2024,M,1
264,08/2023,M,3
264,09/2023,M,1
265,09/2025,F,1
266,10/2025,M,1
266,11/2025,M,1
266,12/2025,M,1
267,01/2025,F,1
267,03/2025,F,1
267,04/2025,F,1
267,06/2025,F,1
267,07/2025,F,1
267,08/2025,F,1
267,09/2025,F,1
267,11/2025,F,1
267,12/2025,F,1
268,10/2022,M,1
269,01/2025,F,1
269,02/2025,F,1
270,06/2023,F,1
271,04/2025,F,1
272,06/2023,M,1
273,09/2024,F,1
274,06/2024,M,1
274,08/2023,M,1
274,09/2023,M,1
275,06/2025,M,1
276,07/2025,M,4
276,09/2025,M,4
276,12/2025,M,4
277,07/2024,M,1
278,04/2023,F,1
279,12/2024,F,1
280,03/2025,F,1
280,04/2025,F,1
280,06/2025,F,1
280,08/2025,F,1
280,09/2025,F,1
280,10/2025,F,4
280,12/2025,F,4
281,01/2024,F,1
281,02/2024,F,1
281,03/2024,F,1
281,05/2024,F,1
281,06/2024,F,1
281,10/2024,F,1
282,05/2023,F,1
282,06/2023,F,1
283,10/2024,F,1
283,12/2024,F,1
284,03/2024,F,4
284,04/2024,F,5
285,10/2025,F,1
285,11/2025,F,1
286,08/2022,F,1
286,09/2022,F,1
286,10/2022,F,1
287,03/2025,F,1
287,06/2025,F,1
288,07/2025,F,1
288,08/2025,F,1
288,12/2025,F,1
289,09/2025,F,1
289,11/2025,F,1
289,12/2025,F,1
290,01/2024,F,1
291,08/2025,F,1
292,10/2023,M,1
292,11/2023,M,1
292,12/2023,M,3
293,08/2023,F,1
294,03/2023,F,1
295,02/2023,F,1
295,03/2023,F,1
295,07/2023,F,1
296,03/2025,F,1
296,04/2025,F,1
296,06/2025,F,1
296,07/2025,F,1
296,08/2025,F,1
296,10/2025,F,1
296,11/2025,F,1
296,12/2025,F,1
297,08/2022,M,1
298,07/2025,F,1
298,08/2025,F,1
298,09/2025,F,1
298,12/2025,F,1
299,03/2024,F,1
299,05/2025,F,1
299,07/2025,F,1
299,09/2025,F,1
299,11/2025,F,1
300,04/2024,F,2
300,05/2025,F,2
301,08/2025,F,1
302,02/2025,F,1
302,03/2025,F,1
302,04/2025,F,1
303,01/2023,F,1
303,02/2023,F,1
304,08/2022,F,2
304,10/2022,F,1
305,04/2023,F,1
306,02/2024,F,1
306,12/2023,F,1
307,10/2022,F,1
307,11/2022,F,1
308,03/2023,F,1
309,02/2024,F,1
309,03/2024,F,1
310,12/2025,M,1
311,07/2023,M,1
311,08/2023,M,1
312,05/2025,M,1
312,06/2025,M,1
312,07/2025,M,1
313,05/2024,M,1
314,03/2023,M,1
315,01/2023,M,1
315,08/2024,M,1
316,02/2025,M,1
317,08/2022,M,1
317,09/2022,M,1
317,10/2022,M,1
318,08/2022,M,1
319,06/2025,M,1
319,09/2025,M,1
319,12/2025,M,1
320,01/2025,F,1
321,01/2025,M,3
322,02/2024,M,3
323,02/2024,M,1
323,03/2024,M,1
324,01/2025,M,3
324,03/2025,M,3
324,06/2025,M,3
325,03/2023,M,1
325,05/2023,M,1
326,10/2022,M,1
327,01/2025,M,3
327,02/2025,M,3
327,04/2025,M,3
327,05/2025,M,3
327,07/2025,M,3
328,08/2022,F,1
328,10/2022,F,1
329,09/2022,F,1
330,05/2025,F,1
330,07/2025,F,1
330,12/2025,F,1
331,04/2023,F,3
332,02/2024,M,1
333,08/2022,M,1
334,09/2025,F,1
334,10/2025,F,1
335,04/2024,M,1
335,06/2025,M,1
335,07/2025,M,1
335,08/2025,M,1
335,09/2025,M,1
336,04/2024,M,1
336,06/2025,M,1
336,07/2025,M,1
336,09/2025,M,1
336,11/2025,M,1
337,12/2024,M,1
338,01/2023,M,1
338,02/2023,M,1
339,05/2024,M,1
340,10/2023,M,1
340,11/2023,M,1
340,12/2023,M,1
341,11/2023,M,1
341,12/2023,M,3
342,01/2024,M,1
343,03/2025,M,3
343,05/2025,M,3
343,12/2025,M,1
344,01/2023,F,1
344,02/2023,F,1
344,03/2023,F,1
344,05/2023,F,1
344,06/2023,F,1
344,07/2023,F,1
344,08/2023,F,1
344,10/2023,F,1
344,12/2023,F,1
345,03/2023,M,1
346,12/2022,M,1
347,02/2023,M,1
348,03/2025,F,1
348,04/2025,F,1
349,05/2025,F,1
350,04/2025,F,2
350,06/2025,F,2
350,08/2025,F,2
350,09/2025,F,2
350,11/2025,F,2
350,12/2025,F,2
351,04/2025,F,2
351,06/2025,F,2
351,07/2025,F,2
351,08/2025,F,2
351,09/2025,F,2
351,12/2025,F,2
352,10/2022,F,2
353,01/2023,F,2
353,02/2024,F,2
353,04/2024,F,2
353,12/2023,F,2
354,08/2025,F,1
354,09/2025,F,1
354,11/2025,F,1
354,12/2025,F,1
355,01/2024,M,3
355,12/2023,M,1
356,12/2023,M,1
357,01/2024,M,1
358,05/2024,M,1
358,06/2025,M,1
358,08/2025,M,1
359,04/2024,M,1
359,08/2024,M,1
360,05/2025,M,1
361,12/2025,M,3
362,01/2024,M,1
363,01/2023,M,1
363,12/2022,M,1
364,03/2024,M,1
364,04/2024,M,1
365,04/2024,M,1
365,06/2024,M,1
365,07/2024,M,1
366,12/2024,M,3
367,07/2023,M,1
367,08/2023,M,1
367,10/2023,M,1
367,12/2023,M,1
368,02/2024,M,1
368,03/2024,M,1
368,05/2024,M,1
368,07/2024,M,1
368,09/2024,M,1
368,11/2024,M,1
368,12/2023,M,1
369,04/2025,M,3
370,06/2025,F,1
370,08/2025,F,1
371,01/2024,F,1
371,03/2024,F,1
371,11/2023,F,1
372,01/2025,F,1
373,02/2025,M,3
373,05/2025,M,1
373,06/2025,M,3
373,08/2025,M,3
373,09/2025,M,3
373,11/2025,M,3
373,12/2025,M,3
374,05/2023,M,1
374,06/2023,M,1
374,07/2023,M,1
375,12/2025,F,1
376,03/2023,F,1
377,08/2023,F,1
378,08/2025,M,1
378,09/2025,M,1
378,11/2025,M,1
379,09/2025,M,1
380,05/2023,M,1
381,02/2025,M,1
382,01/2025,F,1
382,02/2025,F,1
382,05/2025,F,1
382,07/2025,F,1
382,08/2025,F,1
382,09/2025,F,1
382,11/2025,F,1
382,12/2025,F,1
383,08/2025,M,1
384,04/2024,M,1
384,06/2024,M,1
384,07/2025,M,1
384,09/2025,M,1
384,12/2025,M,1
385,07/2024,F,1
386,12/2025,M,3
387,02/2024,F,4
387,12/2023,F,4
388,08/2022,F,1
389,01/2024,F,1
389,02/2024,F,1
389,03/2024,F,1
389,04/2024,F,1
389,05/2024,F,1
389,07/2024,F,1
390,02/2025,M,1
390,04/2025,M,1
390,05/2025,M,4
390,09/2025,M,4
390,11/2025,M,4
391,04/2025,M,1
391,05/2025,M,1
391,09/2025,M,1
391,11/2025,M,1
392,05/2023,F,1
393,05/2025,M,3
393,06/2025,M,3
393,07/2025,M,3
393,09/2025,M,3
393,10/2025,M,3
393,12/2025,M,3
394,04/2024,M,1
394,05/2025,M,3
394,06/2025,M,3
394,09/2025,M,3
395,01/2023,M,1
396,03/2024,M,1
396,04/2024,M,1
396,06/2024,M,1
397,07/2024,M,1
397,09/2024,M,1
397,10/2024,M,1
397,11/2024,M,1
398,12/2022,M,4
399,11/2022,M,4
400,10/2024,M,1
401,11/2022,M,1
402,12/2023,M,4
403,12/2025,F,1
404,01/2025,F,1
404,02/2025,F,1
405,08/2024,M,3
406,09/2022,M,3
406,10/2022,M,1
407,02/2024,M,1
408,05/2025,M,3
408,06/2025,M,3
408,08/2025,M,3
408,09/2025,M,3
408,11/2025,M,3
408,12/2025,M,4
409,02/2023,F,1
409,04/2023,F,1
409,05/2023,F,1
409,08/2023,F,1
410,07/2024,F,2
410,09/2024,F,2
411,05/2024,F,1
411,06/2024,F,1
411,12/2024,F,1
412,04/2025,F,1
413,07/2023,F,1
413,08/2023,F,2
414,01/2025,M,1
414,02/2025,M,1
414,04/2025,M,1
414,08/2025,M,1
415,03/2023,F,1
415,04/2023,F,1
415,07/2023,F,1
415,08/2023,F,1
416,05/2025,F,1
417,08/2025,M,2
417,09/2025,M,2
417,10/2025,M,2
418,02/2025,F,1
418,04/2025,F,1
418,05/2025,F,1
419,07/2024,F,2
420,08/2023,F,1
421,05/2025,M,3
421,06/2025,M,3
421,07/2025,M,3
422,02/2024,M,1
422,04/2024,M,1
423,04/2024,M,1
423,10/2024,M,1
423,12/2024,M,1
424,02/2025,M,3
425,02/2025,F,2
426,11/2025,F,3
427,11/2023,F,2
427,12/2023,F,2
428,06/2025,F,1
428,07/2025,F,1
428,10/2025,F,1
428,12/2025,F,1
429,01/2023,F,1
429,03/2023,F,1
429,05/2023,F,1
430,12/2023,F,1
431,08/2022,M,3
431,10/2022,M,1
432,01/2023,M,1
432,11/2022,M,1
433,09/2022,F,1
434,01/2025,M,1
434,04/2025,M,1
434,06/2025,M,4
435,06/2024,M,1
435,07/2024,M,1
435,09/2024,M,1
435,10/2024,M,1
435,12/2024,M,1
436,10/2025,F,1
436,12/2025,F,1
437,06/2023,M,1
437,08/2023,M,2
438,06/2025,F,1
438,08/2025,F,1
438,09/2025,F,1
439,02/2025,F,1
440,05/2025,F,1
441,09/2022,F,1
442,01/2023,F,1
442,03/2023,F,1
442,04/2023,F,1
444,12/2025,F,1
445,06/2024,F,1
445,07/2024,F,1
445,09/2024,F,1
446,04/2024,F,2
447,10/2023,M,1
448,12/2023,F,1
449,10/2023,F,1
449,11/2023,F,1
450,08/2023,F,5
450,09/2023,F,5
451,12/2025,M,1
452,02/2024,M,1
452,03/2024,M,1
452,06/2024,M,1
453,01/2025,M,1
454,02/2025,M,3
454,04/2025,M,3
454,07/2025,M,3
454,09/2025,M,3
454,11/2025,M,3
454,12/2025,M,5
456,07/2025,F,1
456,08/2025,F,1
456,11/2025,F,1
456,12/2025,F,1
457,01/2024,F,1
457,04/2024,F,1
457,05/2025,F,1
457,07/2025,F,1
457,09/2025,F,1
457,11/2025,F,1
457,12/2024,F,1
458,05/2023,F,1
459,06/2025,F,1
459,07/2025,F,1
459,08/2025,F,1
459,10/2025,F,1
459,12/2025,F,1
460,10/2024,F,1
460,12/2024,F,1
461,01/2025,F,1
462,11/2025,F,1
462,12/2025,F,1
463,02/2025,F,1
464,02/2024,F,1
465,02/2024,F,1
466,11/2022,M,1
467,07/2023,M,1
467,09/2023,M,1
468,05/2023,F,1
468,06/2023,F,1
469,09/2025,F,1
470,08/2023,F,1
470,09/2023,F,1
471,03/2024,F,1
471,12/2023,F,1
472,06/2025,M,1
472,07/2025,M,1
472,08/2025,M,1
472,09/2025,M,1
472,10/2025,M,1
472,12/2025,M,1
473,01/2025,F,1
474,01/2024,M,1
475,07/2022,M,4
476,01/2024,F,1
477,02/2023,F,1
478,08/2023,M,1
479,05/2023,M,1
480,01/2023,M,1
481,01/2025,M,3
482,10/2024,M,1
482,12/2024,M,1
483,08/2024,M,1
484,02/2024,M,1
485,05/2025,M,1
485,07/2025,M,1
485,09/2025,M,1
485,10/2025,M,1
485,12/2025,M,1
486,01/2025,F,2
486,02/2025,F,2
486,04/2025,F,2
486,05/2025,F,2
486,07/2025,F,2
486,08/2025,F,1
486,10/2025,F,1
486,12/2025,F,1
487,11/2025,F,2
487,12/2025,F,2
488,08/2025,F,1
488,11/2025,F,1
488,12/2025,F,1
489,10/2024,F,2
490,03/2024,F,1
490,04/2024,F,4
491,08/2023,F,4
492,02/2025,F,2
492,04/2025,F,2
493,08/2025,M,1
493,11/2025,M,1
493,12/2025,M,1
494,11/2023,F,1
495,08/2025,F,2
495,09/2025,F,2
495,10/2025,F,2
496,03/2025,F,1
496,07/2025,F,1
496,09/2025,F,1
497,06/2024,M,3
497,07/2024,M,3
498,08/2025,F,1
498,10/2023,F,1
498,11/2025,F,1
499,12/2024,F,1
500,07/2023,F,1
500,08/2023,F,1
500,09/2023,F,1
500,10/2023,F,1
501,04/2025,F,1
502,09/2022,F,1
503,08/2025,F,1
503,11/2025,F,1
504,07/2025,F,2
504,09/2025,F,2
504,11/2025,F,2
504,12/2025,F,2
505,04/2024,M,1
506,06/2024,F,1
507,01/2023,F,1
507,03/2023,F,1
507,04/2023,F,1
507,07/2023,F,1
508,05/2024,M,1
508,06/2024,M,1
508,08/2024,M,1
508,10/2024,M,1
508,12/2024,M,1
509,08/2023,M,1
510,09/2023,M,1
510,10/2023,M,1
510,12/2023,M,3
511,08/2024,M,1
511,09/2024,M,1
511,10/2025,M,1
511,12/2025,M,1
512,02/2024,M,1
512,04/2024,M,1
512,06/2024,M,1
512,09/2024,M,1
512,12/2024,M,1
513,02/2023,M,1
513,03/2023,M,1
513,07/2023,M,1
514,12/2023,M,3
515,12/2023,M,1
516,05/2025,M,4
516,08/2025,M,4
516,09/2025,M,3
516,10/2025,M,3
517,01/2023,F,1
517,03/2023,F,1
518,05/2025,M,3
518,06/2025,M,3
518,07/2025,M,3
518,08/2025,M,3
518,10/2025,M,3
518,12/2025,M,3
519,10/2024,M,3
520,05/2025,F,1
520,08/2025,F,1
520,09/2025,F,1
520,12/2025,F,1
521,03/2024,F,1
522,05/2023,F,1
523,09/2024,M,1
523,10/2024,M,1
524,06/2023,F,1
525,06/2023,M,1
526,09/2025,F,1
526,12/2025,F,1
527,04/2025,M,5
527,05/2025,M,5
527,07/2025,M,5
527,08/2025,M,5
527,09/2025,M,5
527,11/2025,M,4
527,12/2025,M,3
528,05/2025,M,1
528,06/2025,M,1
528,09/2025,M,1
528,12/2025,M,1
529,07/2023,F,1
529,08/2023,F,1
530,04/2024,F,3
530,12/2022,F,1
531,06/2024,M,1
532,04/2024,M,1
533,05/2024,M,3
533,06/2024,M,3
533,07/2024,M,3
533,09/2024,M,3
533,10/2024,M,3
533,12/2024,M,3
534,07/2023,M,4
535,03/2024,F,1
535,05/2024,F,1
536,08/2025,M,1
537,03/2025,F,1
537,05/2025,F,1
537,06/2025,F,1
537,09/2025,F,1
537,10/2025,F,1
537,12/2025,F,1
538,01/2024,M,1
538,04/2024,M,1
538,12/2023,M,1
539,08/2023,F,1
541,07/2025,M,1
541,09/2025,M,1
541,11/2025,M,1
542,04/2025,M,3
543,05/2023,M,1
544,05/2023,M,1
544,06/2023,M,4
545,07/2025,M,1
546,04/2023,M,1
546,05/2023,M,1
546,07/2023,M,1
547,10/2024,M,3
548,04/2025,M,1
548,06/2025,M,2
548,07/2025,M,2
548,08/2025,M,2
548,09/2025,M,2
548,11/2025,M,2
548,12/2025,M,2
549,01/2024,M,1
550,02/2024,M,3
551,03/2024,M,1
551,04/2024,M,1
551,07/2024,M,1
551,09/2024,M,1
551,11/2024,M,1
552,10/2023,F,1
552,11/2023,F,1
552,12/2023,F,1
553,04/2025,F,1
553,06/2025,F,1
553,07/2025,F,1
553,09/2025,F,1
553,10/2025,F,1
553,12/2025,F,1
554,05/2025,F,1
554,07/2025,F,1
554,08/2025,F,1
554,10/2025,F,1
555,11/2023,F,1
556,09/2025,F,1
556,10/2025,F,1
556,11/2025,F,1
556,12/2025,F,1
557,11/2023,M,1
558,08/2025,M,1
558,09/2025,M,1
558,11/2025,M,1
559,01/2025,F,1
560,04/2024,F,1
561,10/2025,F,1
562,08/2022,F,1
563,05/2023,F,1
563,07/2023,F,1
563,08/2023,F,3
564,05/2025,F,1
564,06/2025,F,1
564,09/2025,F,1
564,11/2025,F,1
565,03/2025,F,1
566,01/2023,F,1
566,02/2023,F,1
567,07/2023,F,1
567,08/2023,F,1
567,10/2023,F,1
568,01/2023,F,1
568,02/2023,F,1
569,06/2024,F,1
570,05/2025,F,1
570,07/2025,F,1
570,08/2025,F,1
571,04/2024,F,2
572,07/2024,F,2
572,08/2024,F,1
572,10/2024,F,1
572,12/2024,F,1
573,04/2025,M,1
573,06/2025,M,1
573,07/2025,M,1
573,08/2025,M,1
573,09/2025,M,1
573,11/2025,M,1
573,12/2025,M,1
574,08/2023,M,1
574,09/2023,M,1
574,10/2023,M,1
575,01/2025,M,3
576,01/2025,M,3
576,02/2025,M,3
576,12/2025,M,3
577,02/2025,M,3
577,10/2024,M,3
577,12/2024,M,3
578,02/2025,M,4
578,03/2025,M,4
579,05/2025,F,1
579,07/2025,F,1
579,09/2025,F,1
579,11/2025,F,1
580,02/2023,M,1
580,11/2022,M,1
581,12/2024,M,1
582,02/2025,F,3
582,04/2025,F,3
582,06/2025,F,3
582,12/2024,F,3
583,01/2023,F,1
583,02/2023,F,1
584,03/2025,F,1
585,10/2024,M,3
585,12/2024,M,3
586,02/2023,F,1
586,03/2023,F,1
586,05/2023,F,1
586,06/2023,F,1
586,08/2023,F,3
586,09/2023,F,3
586,12/2023,F,3
587,09/2024,F,1
587,10/2024,F,1
588,11/2022,F,2
588,12/2022,F,1
589,09/2024,M,1
589,12/2024,M,1
590,12/2025,M,1
591,12/2025,F,1
592,07/2025,F,1
592,09/2025,F,1
592,10/2025,F,1
593,08/2023,F,1
594,02/2025,F,2
594,04/2025,F,1
594,05/2025,F,1
594,07/2025,F,1
594,09/2025,F,1
594,11/2025,F,1
595,04/2025,F,2
595,06/2025,F,2
595,07/2025,F,2
595,12/2025,F,2
596,07/2023,F,1
596,09/2025,F,1
596,10/2025,F,1
597,01/2023,F,1
597,11/2023,F,1
598,08/2023,M,4
599,03/2023,M,1
599,04/2023,M,1
599,06/2023,M,4
600,10/2025,M,1
600,12/2025,M,1
601,03/2025,F,1
602,03/2025,F,1
603,02/2024,F,1
604,06/2025,F,1
605,12/2025,F,3
606,04/2023,F,1
606,08/2023,F,1
606,10/2023,F,1
607,04/2025,F,2
607,05/2025,F,2
607,06/2025,F,2
607,07/2025,F,2
607,09/2025,F,2
607,10/2025,F,2
607,11/2025,F,2
608,04/2025,F,2
